account_id,time_range,breakdowns,date_start,date_stop,ad_id,ad_name,campaign_id,campaign_name,adset_id,adset_name,spend,impressions,reach,frequency,clicks,unique_clicks,ctr,cpc,cpm,age,gender,actions_summary,action_values_summary
act_4157857287789311,last_3d,age|gender,2026-05-18,2026-05-20,6982452110852,0519-大预算测试组+素材,6938541188052,0323-新素材测试-打底衣+袜子,6973015953252,0507-大预算测试组,0.26,13,11,1.181818,2,1,15.384615,0.13,20,18-24,female,link_click=1|page_engagement=4|landing_page_view=1|post_engagement=4|video_view=3,
act_4157857287789311,last_3d,age|gender,2026-05-18,2026-05-20,6982452110852,0519-大预算测试组+素材,6938541188052,0323-新素材测试-打底衣+袜子,6973015953252,0507-大预算测试组,0.07,7,4,1.75,0,0,0,,10,18-24,male,,
act_4157857287789311,last_3d,age|gender,2026-05-18,2026-05-20,6982452110852,0519-大预算测试组+素材,6938541188052,0323-新素材测试-打底衣+袜子,6973015953252,0507-大预算测试组,6.3,236,192,1.229167,13,13,5.508475,0.484615,26.694915,25-34,female,link_click=6|page_engagement=79|landing_page_view=3|post_engagement=79|view_content=2|offsite_content_view_add_meta_leads=2|video_view=73,view_content=85.83
act_4157857287789311,last_3d,age|gender,2026-05-18,2026-05-20,6982452110852,0519-大预算测试组+素材,6938541188052,0323-新素材测试-打底衣+袜子,6973015953252,0507-大预算测试组,0.76,31,22,1.409091,0,0,0,,24.516129,25-34,male,page_engagement=3|post_engagement=3|video_view=3,
act_4157857287789311,last_3d,age|gender,2026-05-18,2026-05-20,6982452110852,0519-大预算测试组+素材,6938541188052,0323-新素材测试-打底衣+袜子,6973015953252,0507-大预算测试组,0.14,8,8,1,1,1,12.5,0.14,17.5,25-34,unknown,page_engagement=1|post_engagement=1|video_view=1,
act_4157857287789311,last_3d,age|gender,2026-05-18,2026-05-20,6982452110852,0519-大预算测试组+素材,6938541188052,0323-新素材测试-打底衣+袜子,6973015953252,0507-大预算测试组,27.34,1231,992,1.240927,67,47,5.442729,0.40806,22.209586,35-44,female,link_click=36|initiate_checkout=1|add_to_cart=14|page_engagement=358|landing_page_view=34|post_engagement=358|post_interaction_gross=4|post_interaction_net=4|view_content=41|onsite_conversion.post_net_like=4|offsite_content_view_add_meta_leads=41|video_view=318|post_reaction=4,add_to_cart=633.79|view_content=1804.29|initiate_checkout=42.99
act_4157857287789311,last_3d,age|gender,2026-05-18,2026-05-20,6982452110852,0519-大预算测试组+素材,6938541188052,0323-新素材测试-打底衣+袜子,6973015953252,0507-大预算测试组,1.83,73,60,1.216667,0,0,0,,25.068493,35-44,male,page_engagement=11|post_engagement=11|video_view=11,
act_4157857287789311,last_3d,age|gender,2026-05-18,2026-05-20,6982452110852,0519-大预算测试组+素材,6938541188052,0323-新素材测试-打底衣+袜子,6973015953252,0507-大预算测试组,0.49,29,25,1.16,2,2,6.896552,0.245,16.896552,35-44,unknown,page_engagement=8|post_engagement=8|video_view=8,
act_4157857287789311,last_3d,age|gender,2026-05-18,2026-05-20,6982452110852,0519-大预算测试组+素材,6938541188052,0323-新素材测试-打底衣+袜子,6973015953252,0507-大预算测试组,84.78,2904,2294,1.265911,198,154,6.818182,0.428182,29.194215,45-54,female,link_click=99|offsite_search_add_meta_leads=1|add_to_cart=20|page_engagement=897|landing_page_view=96|post_engagement=895|like=2|post_interaction_gross=7|post_interaction_net=7|view_content=114|onsite_conversion.post_save=1|onsite_conversion.post_net_save=1|onsite_conversion.post_net_like=6|offsite_content_view_add_meta_leads=114|search=1|video_view=789|post_reaction=6,add_to_cart=916.23|view_content=5113.17
act_4157857287789311,last_3d,age|gender,2026-05-18,2026-05-20,6982452110852,0519-大预算测试组+素材,6938541188052,0323-新素材测试-打底衣+袜子,6973015953252,0507-大预算测试组,2.13,133,111,1.198198,10,9,7.518797,0.213,16.015038,45-54,male,link_click=3|page_engagement=33|landing_page_view=3|post_engagement=33|view_content=1|offsite_content_view_add_meta_leads=1|video_view=30,view_content=39.99
act_4157857287789311,last_3d,age|gender,2026-05-18,2026-05-20,6982452110852,0519-大预算测试组+素材,6938541188052,0323-新素材测试-打底衣+袜子,6973015953252,0507-大预算测试组,1.36,53,45,1.177778,6,5,11.320755,0.226667,25.660377,45-54,unknown,link_click=1|page_engagement=14|landing_page_view=1|post_engagement=14|post_interaction_gross=1|post_interaction_net=1|onsite_conversion.post_net_like=1|video_view=12|post_reaction=1,
act_4157857287789311,last_3d,age|gender,2026-05-18,2026-05-20,6982452110852,0519-大预算测试组+素材,6938541188052,0323-新素材测试-打底衣+袜子,6973015953252,0507-大预算测试组,159.63,4965,4037,1.229874,434,306,8.741188,0.367811,32.151057,55-64,female,web_in_store_purchase=8|link_click=200|initiate_checkout=10|offsite_search_add_meta_leads=8|offsite_purchase_add_20_s_calls=8|add_to_cart=38|page_engagement=1774|purchase=8|landing_page_view=197|post_engagement=1774|post_interaction_gross=8|comment=1|post_interaction_net=8|post=1|view_content=233|onsite_conversion.post_save=1|onsite_conversion.post_net_comment=1|onsite_conversion.post_net_save=1|onsite_conversion.post_net_like=5|offsite_content_view_add_meta_leads=233|add_payment_info=1|search=8|video_view=1566|post_reaction=5,add_payment_info=49.99|add_to_cart=1659.25|purchase=675.83|view_content=10333.17|initiate_checkout=316.92|web_in_store_purchase=675.83
act_4157857287789311,last_3d,age|gender,2026-05-18,2026-05-20,6982452110852,0519-大预算测试组+素材,6938541188052,0323-新素材测试-打底衣+袜子,6973015953252,0507-大预算测试组,5.53,211,174,1.212644,11,8,5.21327,0.502727,26.208531,55-64,male,link_click=5|page_engagement=57|landing_page_view=4|post_engagement=57|view_content=2|offsite_content_view_add_meta_leads=2|video_view=52,view_content=85.61
act_4157857287789311,last_3d,age|gender,2026-05-18,2026-05-20,6982452110852,0519-大预算测试组+素材,6938541188052,0323-新素材测试-打底衣+袜子,6973015953252,0507-大预算测试组,2.55,81,64,1.265625,9,6,11.111111,0.283333,31.481481,55-64,unknown,web_in_store_purchase=1|link_click=6|initiate_checkout=1|offsite_purchase_add_20_s_calls=1|add_to_cart=1|page_engagement=35|purchase=1|landing_page_view=5|post_engagement=35|view_content=3|offsite_content_view_add_meta_leads=3|video_view=29,add_to_cart=44.99|purchase=49.99|view_content=132.97|web_in_store_purchase=49.99
act_4157857287789311,last_3d,age|gender,2026-05-18,2026-05-20,6982452110852,0519-大预算测试组+素材,6938541188052,0323-新素材测试-打底衣+袜子,6973015953252,0507-大预算测试组,195.16,5032,3932,1.279756,513,384,10.194754,0.380429,38.783784,65+,female,web_in_store_purchase=5|link_click=260|initiate_checkout=6|offsite_search_add_meta_leads=4|offsite_purchase_add_20_s_calls=5|add_to_cart=17|page_engagement=2099|purchase=5|landing_page_view=228|post_engagement=2098|like=1|post_interaction_gross=13|comment=1|post_interaction_net=13|post=1|view_content=228|onsite_conversion.post_save=1|onsite_conversion.post_net_comment=1|onsite_conversion.post_net_save=1|onsite_conversion.post_net_like=10|offsite_content_view_add_meta_leads=228|add_payment_info=2|search=4|video_view=1825|post_reaction=10,add_payment_info=169.96|add_to_cart=754.83|purchase=430.9|view_content=10106.08|initiate_checkout=169.96|web_in_store_purchase=430.9
act_4157857287789311,last_3d,age|gender,2026-05-18,2026-05-20,6982452110852,0519-大预算测试组+素材,6938541188052,0323-新素材测试-打底衣+袜子,6973015953252,0507-大预算测试组,6.95,248,200,1.24,9,9,3.629032,0.772222,28.024194,65+,male,link_click=7|add_to_cart=1|page_engagement=73|landing_page_view=7|post_engagement=73|view_content=11|offsite_content_view_add_meta_leads=11|video_view=66,add_to_cart=42.99|view_content=525.89
act_4157857287789311,last_3d,age|gender,2026-05-18,2026-05-20,6982452110852,0519-大预算测试组+素材,6938541188052,0323-新素材测试-打底衣+袜子,6973015953252,0507-大预算测试组,5.48,101,82,1.231707,14,10,13.861386,0.391429,54.257426,65+,unknown,link_click=6|offsite_search_add_meta_leads=1|add_to_cart=1|page_engagement=49|landing_page_view=5|post_engagement=49|view_content=20|offsite_content_view_add_meta_leads=20|search=1|video_view=43,add_to_cart=42.99|view_content=877.97
act_4157857287789311,last_3d,age|gender,2026-05-18,2026-05-20,6982452110852,0519-大预算测试组+素材,6938541188052,0323-新素材测试-打底衣+袜子,6973015953252,0507-大预算测试组,0,0,0,0,0,0,,,,Unknown,unknown,landing_page_view=1,
