date_start,date_stop,hourly_stats_aggregated_by_advertiser_time_zone,account_id,account_name,campaign_id,campaign_name,adset_id,adset_name,ad_id,ad_name,impressions,clicks,unique_clicks,spend,reach,frequency,ctr,cpc,cpm,results,link_clicks,landing_page_views,page_engagement,post_engagement,video_views,add_to_cart,initiate_checkout,purchases,purchase_value
2026-05-19,2026-05-19,00:00:00 - 00:59:59,4157857287789311,Merino Protect Owned by Diyang,6938541188052,0323-新素材测试-打底衣+袜子,6973015953252,0507-大预算测试组,6973015953052,0507-大预算测试组-实拍多色混合,8,0,,0.12,,,0,,15,,,,1,1,1,,,,
2026-05-19,2026-05-19,00:00:00 - 00:59:59,4157857287789311,Merino Protect Owned by Diyang,6938541188052,0323-新素材测试-打底衣+袜子,6973015953252,0507-大预算测试组,6982452110852,0519-大预算测试组+素材,46,2,,2.27,,,4.347826,1.135,49.347826,,1,1,16,16,15,,,,
2026-05-19,2026-05-19,01:00:00 - 01:59:59,4157857287789311,Merino Protect Owned by Diyang,6938541188052,0323-新素材测试-打底衣+袜子,6973015953252,0507-大预算测试组,6973015953052,0507-大预算测试组-实拍多色混合,8,1,,0.28,,,12.5,0.28,35,,1,1,3,3,2,,,,
2026-05-19,2026-05-19,01:00:00 - 01:59:59,4157857287789311,Merino Protect Owned by Diyang,6938541188052,0323-新素材测试-打底衣+袜子,6973015953252,0507-大预算测试组,6982452110852,0519-大预算测试组+素材,55,7,,1.29,,,12.727273,0.184286,23.454545,,5,5,20,20,15,,,,
2026-05-19,2026-05-19,02:00:00 - 02:59:59,4157857287789311,Merino Protect Owned by Diyang,6938541188052,0323-新素材测试-打底衣+袜子,6973015953252,0507-大预算测试组,6973015953052,0507-大预算测试组-实拍多色混合,25,2,,1.01,,,8,0.505,40.4,,1,,11,11,10,,,,
2026-05-19,2026-05-19,02:00:00 - 02:59:59,4157857287789311,Merino Protect Owned by Diyang,6938541188052,0323-新素材测试-打底衣+袜子,6973015953252,0507-大预算测试组,6982452110852,0519-大预算测试组+素材,142,17,,5.44,,,11.971831,0.32,38.309859,,8,6,61,61,53,9,,,
2026-05-19,2026-05-19,03:00:00 - 03:59:59,4157857287789311,Merino Protect Owned by Diyang,6938541188052,0323-新素材测试-打底衣+袜子,6973015953252,0507-大预算测试组,6973015953052,0507-大预算测试组-实拍多色混合,54,4,,2.32,,,7.407407,0.58,42.962963,,1,3,16,16,15,,,,
2026-05-19,2026-05-19,03:00:00 - 03:59:59,4157857287789311,Merino Protect Owned by Diyang,6938541188052,0323-新素材测试-打底衣+袜子,6973015953252,0507-大预算测试组,6982452110852,0519-大预算测试组+素材,250,27,,8.26,,,10.8,0.305926,33.04,,15,12,102,102,87,1,,,
2026-05-19,2026-05-19,04:00:00 - 04:59:59,4157857287789311,Merino Protect Owned by Diyang,6938541188052,0323-新素材测试-打底衣+袜子,6973015953252,0507-大预算测试组,6973015953052,0507-大预算测试组-实拍多色混合,204,18,,6.3,,,8.823529,0.35,30.882353,,12,13,74,74,62,3,1,,
2026-05-19,2026-05-19,04:00:00 - 04:59:59,4157857287789311,Merino Protect Owned by Diyang,6938541188052,0323-新素材测试-打底衣+袜子,6973015953252,0507-大预算测试组,6982452110852,0519-大预算测试组+素材,351,26,,11.36,,,7.407407,0.436923,32.364672,,14,13,132,132,116,1,,,
2026-05-19,2026-05-19,05:00:00 - 05:59:59,4157857287789311,Merino Protect Owned by Diyang,6938541188052,0323-新素材测试-打底衣+袜子,6973015953252,0507-大预算测试组,6973015953052,0507-大预算测试组-实拍多色混合,93,4,,4.63,,,4.301075,1.1575,49.784946,,3,2,37,37,34,,,,
2026-05-19,2026-05-19,05:00:00 - 05:59:59,4157857287789311,Merino Protect Owned by Diyang,6938541188052,0323-新素材测试-打底衣+袜子,6973015953252,0507-大预算测试组,6982452110852,0519-大预算测试组+素材,416,46,,13.71,,,11.057692,0.298043,32.956731,,25,23,161,161,135,3,,,
2026-05-19,2026-05-19,06:00:00 - 06:59:59,4157857287789311,Merino Protect Owned by Diyang,6938541188052,0323-新素材测试-打底衣+袜子,6973015953252,0507-大预算测试组,6973015953052,0507-大预算测试组-实拍多色混合,119,7,,4.92,,,5.882353,0.702857,41.344538,,5,4,48,48,43,,,,
2026-05-19,2026-05-19,06:00:00 - 06:59:59,4157857287789311,Merino Protect Owned by Diyang,6938541188052,0323-新素材测试-打底衣+袜子,6973015953252,0507-大预算测试组,6982452110852,0519-大预算测试组+素材,279,21,,10.13,,,7.526882,0.482381,36.308244,1,10,10,95,95,84,3,1,1,80.98
2026-05-19,2026-05-19,07:00:00 - 07:59:59,4157857287789311,Merino Protect Owned by Diyang,6938541188052,0323-新素材测试-打底衣+袜子,6973015953252,0507-大预算测试组,6973015953052,0507-大预算测试组-实拍多色混合,32,1,,0.93,,,3.125,0.93,29.0625,,1,,10,10,9,,,,
2026-05-19,2026-05-19,07:00:00 - 07:59:59,4157857287789311,Merino Protect Owned by Diyang,6938541188052,0323-新素材测试-打底衣+袜子,6973015953252,0507-大预算测试组,6982452110852,0519-大预算测试组+素材,119,3,,3.4,,,2.521008,1.133333,28.571429,,2,2,28,28,26,,,,
2026-05-19,2026-05-19,08:00:00 - 08:59:59,4157857287789311,Merino Protect Owned by Diyang,6938541188052,0323-新素材测试-打底衣+袜子,6973015953252,0507-大预算测试组,6973015953052,0507-大预算测试组-实拍多色混合,0,0,,0,,,,,,,,,,,,,,,
2026-05-19,2026-05-19,08:00:00 - 08:59:59,4157857287789311,Merino Protect Owned by Diyang,6938541188052,0323-新素材测试-打底衣+袜子,6973015953252,0507-大预算测试组,6982452110852,0519-大预算测试组+素材,157,14,,6.09,,,8.917197,0.435,38.789809,,4,4,50,50,45,,,,
2026-05-19,2026-05-19,09:00:00 - 09:59:59,4157857287789311,Merino Protect Owned by Diyang,6938541188052,0323-新素材测试-打底衣+袜子,6973015953252,0507-大预算测试组,6982452110852,0519-大预算测试组+素材,115,12,,3.79,,,10.434783,0.315833,32.956522,,6,5,41,41,35,2,,,
2026-05-19,2026-05-19,10:00:00 - 10:59:59,4157857287789311,Merino Protect Owned by Diyang,6938541188052,0323-新素材测试-打底衣+袜子,6973015953252,0507-大预算测试组,6982452110852,0519-大预算测试组+素材,179,8,,5.78,,,4.469274,0.7225,32.290503,,2,3,59,59,56,,,,
2026-05-19,2026-05-19,11:00:00 - 11:59:59,4157857287789311,Merino Protect Owned by Diyang,6938541188052,0323-新素材测试-打底衣+袜子,6973015953252,0507-大预算测试组,6973015953052,0507-大预算测试组-实拍多色混合,3,1,,0.28,,,33.333333,0.28,93.333333,,1,,3,3,2,,,,
2026-05-19,2026-05-19,11:00:00 - 11:59:59,4157857287789311,Merino Protect Owned by Diyang,6938541188052,0323-新素材测试-打底衣+袜子,6973015953252,0507-大预算测试组,6982452110852,0519-大预算测试组+素材,223,18,,8.1,,,8.071749,0.45,36.32287,,8,7,66,66,58,,,,
2026-05-19,2026-05-19,12:00:00 - 12:59:59,4157857287789311,Merino Protect Owned by Diyang,6938541188052,0323-新素材测试-打底衣+袜子,6973015953252,0507-大预算测试组,6973015953052,0507-大预算测试组-实拍多色混合,143,18,,6.62,,,12.587413,0.367778,46.293706,,8,6,57,57,49,2,,,
2026-05-19,2026-05-19,12:00:00 - 12:59:59,4157857287789311,Merino Protect Owned by Diyang,6938541188052,0323-新素材测试-打底衣+袜子,6973015953252,0507-大预算测试组,6982452110852,0519-大预算测试组+素材,291,28,,10.34,,,9.621993,0.369286,35.532646,2,14,14,100,100,85,3,2,2,99.98
2026-05-19,2026-05-19,13:00:00 - 13:59:59,4157857287789311,Merino Protect Owned by Diyang,6938541188052,0323-新素材测试-打底衣+袜子,6973015953252,0507-大预算测试组,6973015953052,0507-大预算测试组-实拍多色混合,212,13,,7.51,,,6.132075,0.577692,35.424528,,6,11,72,72,66,1,,,
2026-05-19,2026-05-19,13:00:00 - 13:59:59,4157857287789311,Merino Protect Owned by Diyang,6938541188052,0323-新素材测试-打底衣+袜子,6973015953252,0507-大预算测试组,6982452110852,0519-大预算测试组+素材,247,11,,8.43,,,4.453441,0.766364,34.129555,1,7,16,81,81,74,2,1,1,84.98
2026-05-19,2026-05-19,14:00:00 - 14:59:59,4157857287789311,Merino Protect Owned by Diyang,6938541188052,0323-新素材测试-打底衣+袜子,6973015953252,0507-大预算测试组,6973015953052,0507-大预算测试组-实拍多色混合,81,8,,2.77,,,9.876543,0.34625,34.197531,,6,15,25,25,18,3,,,
2026-05-19,2026-05-19,14:00:00 - 14:59:59,4157857287789311,Merino Protect Owned by Diyang,6938541188052,0323-新素材测试-打底衣+袜子,6973015953252,0507-大预算测试组,6982452110852,0519-大预算测试组+素材,254,14,,7.8,,,5.511811,0.557143,30.708661,,6,6,70,70,64,3,,,
2026-05-19,2026-05-19,15:00:00 - 15:59:59,4157857287789311,Merino Protect Owned by Diyang,6938541188052,0323-新素材测试-打底衣+袜子,6973015953252,0507-大预算测试组,6982452110852,0519-大预算测试组+素材,402,33,,12.3,,,8.208955,0.372727,30.597015,1,18,19,139,139,120,1,2,1,47.99
2026-05-19,2026-05-19,16:00:00 - 16:59:59,4157857287789311,Merino Protect Owned by Diyang,6938541188052,0323-新素材测试-打底衣+袜子,6973015953252,0507-大预算测试组,6973015953052,0507-大预算测试组-实拍多色混合,79,6,,1.91,,,7.594937,0.318333,24.177215,,4,5,29,29,25,2,,,
2026-05-19,2026-05-19,16:00:00 - 16:59:59,4157857287789311,Merino Protect Owned by Diyang,6938541188052,0323-新素材测试-打底衣+袜子,6973015953252,0507-大预算测试组,6982452110852,0519-大预算测试组+素材,454,28,,14.83,,,6.167401,0.529643,32.665198,,15,14,143,143,128,1,,,
2026-05-19,2026-05-19,17:00:00 - 17:59:59,4157857287789311,Merino Protect Owned by Diyang,6938541188052,0323-新素材测试-打底衣+袜子,6973015953252,0507-大预算测试组,6973015953052,0507-大预算测试组-实拍多色混合,85,4,,2.43,,,4.705882,0.6075,28.588235,,3,2,35,35,32,,,,
2026-05-19,2026-05-19,17:00:00 - 17:59:59,4157857287789311,Merino Protect Owned by Diyang,6938541188052,0323-新素材测试-打底衣+袜子,6973015953252,0507-大预算测试组,6982452110852,0519-大预算测试组+素材,529,30,,14.58,,,5.671078,0.486,27.561437,,15,9,168,168,152,1,,,
2026-05-19,2026-05-19,18:00:00 - 18:59:59,4157857287789311,Merino Protect Owned by Diyang,6938541188052,0323-新素材测试-打底衣+袜子,6973015953252,0507-大预算测试组,6973015953052,0507-大预算测试组-实拍多色混合,0,0,,0,,,,,,,,1,,,,,,,
2026-05-19,2026-05-19,18:00:00 - 18:59:59,4157857287789311,Merino Protect Owned by Diyang,6938541188052,0323-新素材测试-打底衣+袜子,6973015953252,0507-大预算测试组,6982452110852,0519-大预算测试组+素材,678,57,,17.65,,,8.40708,0.309649,26.032448,,24,18,241,241,216,,,,
2026-05-19,2026-05-19,19:00:00 - 19:59:59,4157857287789311,Merino Protect Owned by Diyang,6938541188052,0323-新素材测试-打底衣+袜子,6973015953252,0507-大预算测试组,6973015953052,0507-大预算测试组-实拍多色混合,0,0,,0,,,,,,,,1,,,,,,,
2026-05-19,2026-05-19,19:00:00 - 19:59:59,4157857287789311,Merino Protect Owned by Diyang,6938541188052,0323-新素材测试-打底衣+袜子,6973015953252,0507-大预算测试组,6982452110852,0519-大预算测试组+素材,208,7,,6.67,,,3.365385,0.952857,32.067308,2,6,11,70,70,64,4,3,2,160.96
2026-05-19,2026-05-19,20:00:00 - 20:59:59,4157857287789311,Merino Protect Owned by Diyang,6938541188052,0323-新素材测试-打底衣+袜子,6973015953252,0507-大预算测试组,6973015953052,0507-大预算测试组-实拍多色混合,0,0,,0,,,,,,,,,,,,,,,
2026-05-19,2026-05-19,20:00:00 - 20:59:59,4157857287789311,Merino Protect Owned by Diyang,6938541188052,0323-新素材测试-打底衣+袜子,6973015953252,0507-大预算测试组,6982452110852,0519-大预算测试组+素材,213,12,,6.64,,,5.633803,0.553333,31.173709,,9,5,77,77,68,,,,
2026-05-19,2026-05-19,21:00:00 - 21:59:59,4157857287789311,Merino Protect Owned by Diyang,6938541188052,0323-新素材测试-打底衣+袜子,6973015953252,0507-大预算测试组,6973015953052,0507-大预算测试组-实拍多色混合,0,0,,0,,,,,,,,,,,,,,,
2026-05-19,2026-05-19,21:00:00 - 21:59:59,4157857287789311,Merino Protect Owned by Diyang,6938541188052,0323-新素材测试-打底衣+袜子,6973015953252,0507-大预算测试组,6982452110852,0519-大预算测试组+素材,172,7,,6.49,,,4.069767,0.927143,37.732558,,2,2,57,57,55,4,,,
2026-05-19,2026-05-19,22:00:00 - 22:59:59,4157857287789311,Merino Protect Owned by Diyang,6938541188052,0323-新素材测试-打底衣+袜子,6973015953252,0507-大预算测试组,6982452110852,0519-大预算测试组+素材,307,31,,11.82,,,10.09772,0.38129,38.501629,1,15,12,121,121,106,2,1,1,97.98
2026-05-19,2026-05-19,23:00:00 - 23:59:59,4157857287789311,Merino Protect Owned by Diyang,6938541188052,0323-新素材测试-打底衣+袜子,6973015953252,0507-大预算测试组,6982452110852,0519-大预算测试组+素材,167,25,,4.95,,,14.97006,0.198,29.640719,,14,13,77,77,63,,,,
